CustomerID,Total_Balance_per_cus,Total_transaction_value_per_cus,transaction_frequency_per_cus,avg_transaction_per_cus,Acc_per_customer,Loans_per_customer,Total_loan_amt_per_cus
10000,54403.26,81668.04,36.0,2268.5566666666664,1,,
10001,20267.12,79751.86,35.0,2278.6245714285715,1,,
10002,266582.75,329807.9,126.0,2617.523015873016,4,1.0,72913.28
10003,34279.17,93491.58,32.0,2921.611875,1,,
10004,87029.08,160128.79,58.0,2760.8412068965517,2,,
10005,,,,,1,,
10006,162691.56,208451.1,76.0,2742.7776315789474,3,1.0,16484.84
10007,,,,,1,,
10008,,,,,1,,
10009,156569.6,196014.91,77.0,2545.648181818182,2,,
10010,122810.14,224219.7,94.0,2385.3159574468086,3,2.0,50789.62
10011,65697.87,100067.21,40.0,2501.6802500000003,1,,
10012,1278.55,71507.22,29.0,2465.766206896552,1,,
10013,74732.41,85010.52,33.0,2576.0763636363636,1,,
10014,83513.23,89288.62,32.0,2790.269375,1,,
10015,,,,,1,,
10016,82326.71,84594.94,40.0,2114.8735,1,,
10017,,,,,1,,
10018,1818.33,80074.42,35.0,2287.8405714285714,1,,
10019,,,,,1,,
10020,133576.82,170409.44,75.0,2272.1258666666668,3,,
10021,18192.08,84328.91,31.0,2720.2874193548387,1,,
10022,,,,,1,,
10023,144870.91,314621.22,129.0,2438.9241860465113,4,1.0,23508.35
10024,72439.01000000001,238192.36,99.0,2405.983434343434,3,,
10025,11829.41,49061.9,27.0,1817.1074074074074,1,1.0,8876.03
10026,51455.37,98713.46,34.0,2903.33705882353,1,,
10027,151987.75,142877.43,60.0,2381.2905,2,,
10028,78312.0,98457.59,33.0,2983.563333333333,1,1.0,87783.19
10029,,,,,1,,
10030,119335.76000000001,168487.91,62.0,2717.546935483871,2,,
10031,,,,,1,,
10032,1898.32,87805.56999999999,39.0,2251.4248717948717,1,1.0,1374.12
10033,92935.51,63207.36,25.0,2528.2944,1,,
10034,,,,,1,,
10035,329763.98,593330.19,232.0,2557.457715517241,5,,
10036,52966.75,171049.66999999998,72.0,2375.689861111111,2,,
10037,55059.95,144523.07,63.0,2294.0169841269844,2,1.0,28287.79
10038,13231.48,60250.32,25.0,2410.0128,1,,
10039,89259.07,113869.74,60.0,1897.8290000000002,2,2.0,148767.57
10040,8485.52,51119.3,26.0,1966.1269230769233,1,1.0,99830.33
10041,30914.75,78228.09,29.0,2697.520344827586,1,,
10042,88473.99,52082.32,28.0,1860.0828571428572,1,,
10043,169216.84,125651.09,57.0,2204.405087719298,2,,
10044,10177.2,71483.27,30.0,2382.775666666667,1,,
10045,153375.39,220153.56,88.0,2501.745,3,1.0,47361.17
10046,74860.48999999999,148696.97,61.0,2437.6552459016393,2,,
10047,114101.94,169087.96,62.0,2727.2251612903224,2,1.0,14932.62
10048,103798.12000000001,247737.2,101.0,2452.8435643564358,3,1.0,43211.52
10049,80075.41,84494.37,28.0,3017.656071428571,1,,
10050,43874.98,151855.4,59.0,2573.8203389830505,2,2.0,84063.22
10051,52774.42,71203.45999999999,22.0,3236.520909090909,1,1.0,99065.5
10052,30095.9,58535.75,21.0,2787.4166666666665,1,1.0,40879.03
10053,143937.62,203773.78,78.0,2612.484358974359,2,,
10054,42064.37,76330.0,29.0,2632.0689655172414,1,,
10055,46463.91,64653.229999999996,25.0,2586.1292,1,,
10056,134337.81,167591.57,67.0,2501.3667164179105,3,,
10057,,,,,1,,
10058,140239.97999999998,236769.85,92.0,2573.5853260869567,3,1.0,86520.89
10059,,,,,1,,
10060,102100.33,176035.33,68.0,2588.754852941176,2,,
10061,157374.59,222801.95,91.0,2448.373076923077,3,1.0,76525.78
10062,50299.19,159195.45,66.0,2412.052272727273,2,,
10063,,,,,1,,
10064,,,,,1,,
10065,86936.53,60110.09,29.0,2072.7617241379307,1,1.0,84322.28
10066,72568.26,193933.62,82.0,2365.044146341463,3,,
10067,95769.81,148338.9,60.0,2472.315,2,,
10068,,,,,1,,
10069,,,,,1,,
10070,,,,,1,,
10071,126762.04999999999,282779.07,110.0,2570.7188181818183,4,1.0,83515.17
10072,349192.47,341919.91,144.0,2374.443819444444,5,2.0,166783.49
10073,,,,,1,,
10074,,,,,1,,
10075,117277.82999999999,226483.23,94.0,2409.396063829787,3,1.0,77144.41
10076,,,,,1,,
10077,35001.41,90655.3,30.0,3021.8433333333332,1,,
10078,35753.88,69584.82,28.0,2485.172142857143,1,,
10079,84232.06,78443.38,30.0,2614.7793333333334,1,,
10080,39998.22,63812.92,26.0,2454.3430769230768,1,,
10081,8550.22,55768.49,24.0,2323.6870833333332,1,1.0,98129.49
10082,25320.55,74614.52,27.0,2763.500740740741,1,,
10083,127593.29000000001,132052.5,52.0,2539.471153846154,2,,
10084,,,,,1,,
10085,,,,,1,,
10086,77670.14,95543.52,35.0,2729.8148571428574,1,,
10087,31944.6,69435.65,28.0,2479.844642857143,1,,
10088,29015.04,68546.15,30.0,2284.8716666666664,1,,
10089,,,,,1,,
10090,,,,,1,,
10091,127463.97,197528.4,87.0,2270.441379310345,3,,
10092,118479.45999999999,261353.69,113.0,2312.8645132743363,3,,
10093,55740.69,73187.19,28.0,2613.8282142857142,1,1.0,52436.38
10094,,,,,1,,
10095,,,,,1,,
10096,60268.8,140312.06,63.0,2227.1755555555555,2,,
10097,,,,,1,,
10098,,,,,1,,
10099,71638.63,123526.17,49.0,2520.942244897959,2,,
10100,,,,,1,,
10101,26152.31,57141.479999999996,23.0,2484.4121739130433,1,,
10102,39676.6,77046.71,29.0,2656.783103448276,1,,
10103,176396.76,200305.97,76.0,2635.6048684210527,3,,
10104,29107.64,67071.38,27.0,2484.1251851851853,1,1.0,8683.56
10105,79534.55,109790.06,37.0,2967.298918918919,1,,
10106,316192.22,395638.87,157.0,2519.9928025477707,5,2.0,172701.71
10107,248547.72999999998,232608.74,86.0,2704.7527906976743,3,,
10108,,,,,1,,
10109,152290.74,159275.8,58.0,2746.1344827586204,2,,
10110,71723.08,153807.19,63.0,2441.3839682539683,2,,
10111,89663.23,74110.43,29.0,2555.532068965517,1,,
10112,170853.41,205598.7,82.0,2507.301219512195,3,1.0,58849.83
10113,134644.75,171395.85,60.0,2856.5975000000003,2,1.0,90886.2
10114,183434.16999999998,137973.37,60.0,2299.5561666666667,2,,
10115,87109.52,61299.520000000004,29.0,2113.7765517241382,1,1.0,73003.39
10116,,,,,1,,
10117,42912.69,78321.02,28.0,2797.179285714286,1,,
10118,,,,,1,,
10119,,,,,1,,
10120,48479.25,54423.479999999996,29.0,1876.6717241379308,1,,
10121,,,,,1,,
10122,138668.11,140608.44,53.0,2652.9894339622642,2,1.0,64001.15
10123,48348.54,92026.16,34.0,2706.6517647058827,1,,
10124,93932.94,65329.81,28.0,2333.2075,1,,
10125,235540.76,270908.57,109.0,2485.3997247706425,4,,
10126,133191.59,171839.55,64.0,2684.99296875,2,,
10127,18292.79,81351.78,32.0,2542.243125,1,1.0,20910.17
10128,232234.09,194136.33000000002,77.0,2521.2510389610393,3,,
10129,,,,,1,,
10130,41179.130000000005,130797.07,52.0,2515.3282692307694,2,1.0,15581.58
10131,,,,,1,,
10132,,,,,1,,
10133,98946.71,253300.99,98.0,2584.7039795918367,3,,
10134,,,,,1,,
10135,232685.39,375914.04,143.0,2628.76951048951,3,1.0,16268.74
10136,,,,,1,,
10137,,,,,1,,
10138,,,,,1,,
10139,100400.84999999999,145631.01,56.0,2600.55375,2,1.0,96528.66
10140,81912.58,82761.28,28.0,2955.7599999999998,1,,
10141,43349.65,209489.82,82.0,2554.7539024390244,3,1.0,13704.05
10142,258137.62,416461.95,163.0,2554.9812883435584,5,1.0,70349.1
10143,149750.22,219634.15,88.0,2495.8426136363637,3,3.0,108334.62
10144,,,,,1,,
10145,6784.78,70738.29,30.0,2357.9429999999998,1,,
10146,21109.91,69756.66,26.0,2682.9484615384617,1,,
10147,36160.36,155132.6,62.0,2502.1387096774192,2,,
10148,83714.01000000001,129793.21,52.0,2496.0232692307695,2,,
10149,,,,,1,,
10150,121666.43,133983.3,53.0,2527.98679245283,2,2.0,78074.48000000001
10151,125343.63,137480.69,59.0,2330.181186440678,2,,
10152,43249.76,63209.66,26.0,2431.1407692307694,1,,
10153,43366.14,149189.11,60.0,2486.4851666666664,2,1.0,28348.12
10154,,,,,1,,
10155,152502.66999999998,370179.48,153.0,2419.473725490196,4,1.0,88432.42
10156,45075.23,162973.34,73.0,2232.511506849315,2,3.0,191905.99
10157,,,,,1,,
10158,65681.44,145959.33,54.0,2702.950555555555,2,,
10159,94443.82999999999,167222.67,75.0,2229.6356,2,,
10160,96896.9,275739.23,103.0,2677.079902912621,3,1.0,47566.87
10161,158335.56,191499.61,70.0,2735.708714285714,2,1.0,78063.86
10162,57667.5,60684.03,20.0,3034.2015,1,1.0,92330.0
10163,88906.14,37634.87,19.0,1980.7826315789475,1,,
10164,111136.93000000001,126509.25,50.0,2530.185,2,1.0,52339.53
10165,,,,,1,,
10166,99828.98,61117.13,27.0,2263.5974074074074,1,,
10167,,,,,1,,
10168,,,,,1,,
10169,,,,,1,,
10170,52547.1,53215.15,21.0,2534.054761904762,1,,
10171,94458.78,138337.99,53.0,2610.150754716981,2,,
10172,,,,,1,,
10173,74953.59,60785.84,26.0,2337.916923076923,1,,
10174,169843.32,222261.44,89.0,2497.3195505617978,3,1.0,64568.16
10175,4615.44,91168.03,33.0,2762.667575757576,1,,
10176,,,,,1,,
10177,133279.92,272016.73,110.0,2472.8793636363635,4,1.0,27495.55
10178,68037.20999999999,179444.84,61.0,2941.71868852459,2,1.0,54508.9
10179,43717.47,277765.95,113.0,2458.1057522123897,4,1.0,73387.28
10180,,,,,1,,
10181,21398.11,90763.08,36.0,2521.1966666666667,1,,
10182,92994.34,82144.06,25.0,3285.7624,1,,
10183,307649.76,396107.86,153.0,2588.9402614379082,5,,
10184,55292.55,87495.83,36.0,2430.4397222222224,1,1.0,52255.85
10185,23915.53,74541.05,28.0,2662.1803571428572,1,,
10186,37808.22,71594.69,28.0,2556.9532142857142,1,,
10187,138403.19,155819.34,61.0,2554.4154098360655,2,,
10188,153546.45,164787.29,62.0,2657.8595161290323,2,,
10189,134729.82,133765.78,59.0,2267.2166101694916,2,1.0,34846.6
10190,21893.19,55588.05,25.0,2223.522,1,,
10191,18864.78,63406.229999999996,25.0,2536.2491999999997,1,,
10192,,,,,1,,
10193,,,,,1,,
10194,73245.36,124909.95999999999,54.0,2313.147407407407,2,,
10195,,,,,1,,
10196,46035.26,68735.41,25.0,2749.4164,1,,
10197,,,,,1,,
10198,62888.39,320795.59,121.0,2651.203223140496,4,1.0,63720.18
10199,183826.34,231329.72,94.0,2460.9544680851063,3,1.0,42758.63
10200,,,,,1,,
10201,,,,,1,,
10202,19110.41,65025.43,30.0,2167.5143333333335,1,2.0,80477.03
10203,118644.71,122030.89,56.0,2179.123035714286,2,,
10204,125924.23000000001,164707.75,70.0,2352.967857142857,2,,
10205,244193.78999999998,247211.04,94.0,2629.904680851064,3,1.0,2117.59
10206,43240.08,71457.34999999999,28.0,2552.048214285714,1,,
10207,294294.32,303324.07,116.0,2614.862672413793,4,1.0,79637.45
10208,,,,,1,,
10209,139338.4,198060.1,90.0,2200.6677777777777,3,,
10210,102826.79000000001,160688.01,59.0,2723.525593220339,2,1.0,4806.2
10211,,,,,1,,
10212,32876.62,61186.97,27.0,2266.184074074074,1,,
10213,65595.99,135496.29,53.0,2556.5337735849057,2,1.0,43976.71
10214,79377.52,60497.630000000005,26.0,2326.8319230769234,1,,
10215,11195.51,92130.7,35.0,2632.305714285714,1,1.0,56226.29
10216,90512.44,130884.67,45.0,2908.548222222222,1,,
10217,,,,,1,,
10218,85123.27,131215.49,58.0,2262.3360344827584,2,,
10219,154199.21000000002,132312.78,60.0,2205.213,2,1.0,76160.97
10220,86449.35,71825.07,29.0,2476.726551724138,1,,
10221,,,,,1,,
10222,,,,,1,,
10223,104596.51,124379.9,61.0,2039.0147540983605,2,,
10224,191058.19999999998,216320.42,87.0,2486.4416091954026,3,2.0,158315.78
10225,150875.39,140884.72,61.0,2309.585573770492,2,1.0,27852.86
10226,258211.58000000002,445050.4,177.0,2514.4090395480225,6,1.0,26300.12
10227,254928.81999999998,262196.02,104.0,2521.1155769230772,4,,
10228,43755.6,75984.63,32.0,2374.5196875,1,,
10229,154139.21,272390.86,104.0,2619.1428846153844,3,2.0,178217.78
10230,32788.26,96846.2,37.0,2617.464864864865,1,1.0,76958.56
10231,172950.59999999998,174212.36,59.0,2952.7518644067795,2,,
10232,,,,,1,,
10233,90752.35,60207.52,25.0,2408.3008,1,,
10234,,,,,1,,
10235,79274.38,73729.09,37.0,1992.678108108108,1,,
10236,83414.15,270077.05,102.0,2647.8142156862746,3,,
10237,36343.94,75900.27,29.0,2617.2506896551727,1,,
10238,,,,,1,,
10239,75306.88,59618.54,25.0,2384.7416,1,,
10240,,,,,1,,
10241,86903.37,156130.12,63.0,2478.255873015873,2,,
10242,3564.27,70220.83,27.0,2600.7714814814817,1,,
10243,245261.29,215044.99,88.0,2443.693068181818,3,,
10244,88003.78,90375.05,34.0,2658.089705882353,1,1.0,54672.65
10245,72953.64,140863.26,53.0,2657.7973584905662,2,,
10246,137560.03,131949.38,60.0,2199.1563333333334,2,,
10247,55767.16,63633.27,24.0,2651.38625,1,,
10248,183074.75,214251.74,88.0,2434.6788636363635,3,1.0,69014.96
10249,89193.39,59542.71,24.0,2480.94625,1,,
10250,,,,,1,,
10251,41396.86,66774.03,29.0,2302.5527586206895,1,,
10252,6818.08,59007.68,22.0,2682.1672727272726,1,,
10253,3286.27,142939.71,61.0,2343.2739344262295,2,1.0,88591.01
10254,76819.46,65992.64,25.0,2639.7056,1,,
10255,36513.17,81603.38,31.0,2632.3670967741937,1,,
10256,105797.09,143545.97,62.0,2315.2575806451614,2,,
10257,16099.85,84206.65,35.0,2405.9042857142854,1,,
10258,93603.58,168060.66,69.0,2435.661739130435,2,,
10259,82411.23,54921.36,23.0,2387.885217391304,1,,
10260,,,,,1,,
10261,,,,,1,,
10262,252880.71999999997,293764.82,118.0,2489.532372881356,4,1.0,50198.39
10263,107780.97,131349.86000000002,55.0,2388.179272727273,2,1.0,49796.21
10264,10451.15,89028.59,34.0,2618.4879411764705,1,,
10265,60784.62,95501.12,39.0,2448.7466666666664,1,,
10266,149103.28,201520.24,75.0,2686.936533333333,2,,
10267,62773.36,136081.55,55.0,2474.2099999999996,2,,
10268,45356.7,58605.65,27.0,2170.57962962963,1,,
10269,36884.55,64008.11,25.0,2560.3244,1,,
10270,67333.11,100224.89,35.0,2863.5682857142856,1,,
10271,,,,,1,,
10272,147270.36000000002,99053.92,44.0,2251.2254545454543,2,,
10273,55836.35,80238.37,35.0,2292.524857142857,1,,
10274,134945.02000000002,203412.87,69.0,2948.012608695652,2,,
10275,122060.53,144605.96,64.0,2259.468125,2,,
10276,63931.27,73310.49,28.0,2618.2317857142857,1,,
10277,798.95,84475.52,32.0,2639.86,1,,
10278,130103.02,98100.95,41.0,2392.7060975609756,2,2.0,50031.19
10279,49341.87,74887.85,33.0,2269.3287878787883,1,1.0,64238.32
10280,115817.20999999999,228021.02,92.0,2478.489347826087,3,1.0,38913.5
10281,,,,,1,,
10282,79741.26,76448.98,32.0,2389.030625,1,,
10283,22632.64,239154.01,97.0,2465.505257731959,3,1.0,13516.43
10284,87763.53,149544.08,65.0,2300.6781538461537,2,,
10285,110202.09,136335.22,64.0,2130.2378125,2,,
10286,136905.93,237908.53,100.0,2379.0853,3,,
10287,150247.81,245146.17,93.0,2635.9803225806454,3,,
10288,13022.42,147831.48,53.0,2789.27320754717,2,,
10289,2495.42,62385.15,25.0,2495.406,1,1.0,77709.06
10290,102247.17,118751.5,44.0,2698.8977272727275,2,1.0,78813.97
10291,3388.13,55415.67,26.0,2131.371923076923,1,,
10292,26687.34,47869.63,23.0,2081.288260869565,1,,
10293,200278.84000000003,236644.92,86.0,2751.68511627907,3,,
10294,,,,,1,,
10295,89520.87,158596.32,68.0,2332.298823529412,2,,
10296,179359.81,188408.97,80.0,2355.112125,3,,
10297,364761.75,511060.0,190.0,2689.7894736842104,6,2.0,91113.23999999999
10298,202760.66,624414.01,246.0,2538.2683333333334,5,,
10299,91327.46,198792.29,66.0,3012.004393939394,2,,
10300,,,,,1,,
10301,87416.66,66315.18,26.0,2550.583846153846,1,,
10302,113125.04999999999,106434.09,45.0,2365.2019999999998,2,,
10303,,,,,1,,
10304,,,,,1,,
10305,66363.63,62025.61,28.0,2215.2003571428572,1,,
10306,82578.01000000001,192550.81,75.0,2567.3441333333335,2,,
10307,50889.14,108148.92,45.0,2403.309333333333,2,,
10308,246990.84999999998,203921.47,85.0,2399.0761176470587,3,,
10309,,,,,1,,
10310,,,,,1,,
10311,,,,,1,,
10312,91630.93,145137.56,62.0,2340.9283870967743,2,1.0,36852.66
10313,,,,,1,,
10314,86190.87,63108.73,30.0,2103.6243333333337,1,,
10315,156497.47999999998,146952.72,60.0,2449.212,2,,
10316,73190.31,104739.77,40.0,2618.49425,2,,
10317,31711.77,55171.63,24.0,2298.8179166666664,1,,
10318,100495.47,128123.28,53.0,2417.4203773584904,2,1.0,43412.87
10319,125.63,83359.85,28.0,2977.1375000000003,1,,
10320,55623.9,77681.34,28.0,2774.3335714285713,1,2.0,161978.91
10321,131660.18,127452.89,48.0,2655.268541666667,2,,
10322,73634.29,94790.56,36.0,2633.071111111111,1,1.0,28930.44
10323,131174.45,129491.78,52.0,2490.2265384615384,2,,
10324,321541.12,514828.87,205.0,2511.3603414634144,7,,
10325,62854.84,81441.0,31.0,2627.1290322580644,1,,
10326,113773.71,189009.45,83.0,2277.2222891566266,3,1.0,18048.87
10327,5215.19,82056.92,35.0,2344.4834285714287,1,,
10328,53194.87,69437.9,34.0,2042.291176470588,1,,
10329,197412.99,286219.68,107.0,2674.950280373832,3,,
10330,49702.04,170022.48,64.0,2656.60125,2,,
10331,119807.58,301292.93,110.0,2739.0266363636365,4,1.0,87987.99
10332,83517.97,90087.45,38.0,2370.7223684210526,1,,
10333,94107.64,136526.9,57.0,2395.2087719298243,2,2.0,146020.58000000002
10334,39485.78,281551.08,108.0,2606.9544444444446,2,2.0,20303.66
10335,165004.15000000002,274335.03,102.0,2689.559117647059,3,,
10336,21918.21,102025.36,43.0,2372.6827906976746,1,1.0,10195.48
10337,5027.38,83677.54,32.0,2614.923125,1,1.0,20250.86
10338,103142.52,219066.24,92.0,2381.1547826086958,3,,
10339,,,,,1,,
10340,14835.88,81325.51,33.0,2464.409393939394,1,1.0,64509.02
10341,77880.45000000001,132207.37,55.0,2403.7703636363635,2,,
10342,,,,,1,,
10343,143850.99,250424.09,108.0,2318.741574074074,4,1.0,76957.94
10344,20681.69,43791.93,19.0,2304.8384210526315,1,,
10345,136965.25,188944.41,76.0,2486.110657894737,3,,
10346,,,,,1,,
10347,130750.72,111777.46,46.0,2429.9447826086957,2,,
10348,25638.44,83903.43,35.0,2397.240857142857,1,,
10349,121949.89,279633.66,104.0,2688.785192307692,3,2.0,66532.76
10350,84752.19,64905.22,23.0,2821.966086956522,1,,
10351,156891.69,355585.9,129.0,2756.4798449612404,4,,
10352,108402.45,136589.3,54.0,2529.431481481481,2,,
10353,95993.15,73006.51,32.0,2281.4534375,1,,
10354,,,,,1,,
10355,36038.1,64436.590000000004,28.0,2301.306785714286,1,1.0,16385.38
10356,17443.02,65705.72,30.0,2190.190666666667,1,1.0,52160.39
10357,103482.82,253578.26,107.0,2369.890280373832,4,2.0,116837.03
10358,,,,,1,,
10359,78639.6,141505.44,61.0,2319.76131147541,2,,
10360,49886.14,67134.16,22.0,3051.552727272727,1,,
10361,72992.59,164763.36,71.0,2320.610704225352,2,,
10362,160547.16999999998,164495.83,67.0,2455.1616417910445,2,,
10363,24429.8,57631.67,24.0,2401.3195833333334,1,,
10364,90961.09,60661.74,22.0,2757.351818181818,1,,
10365,,,,,1,,
10366,28243.37,85492.49,37.0,2310.607837837838,1,,
10367,142430.41,113977.35,50.0,2279.547,2,,
10368,176471.45,262449.01,97.0,2705.6598969072165,3,1.0,8523.16
10369,75655.68,227425.44,92.0,2472.015652173913,3,,
10370,,,,,1,,
10371,75921.36,63578.66,26.0,2445.333076923077,1,,
10372,11278.56,72732.1,25.0,2909.284,1,,
10373,,,,,1,,
10374,316081.08999999997,343187.88,139.0,2468.9775539568345,5,1.0,11486.53
10375,47036.87,83437.46,31.0,2691.530967741936,1,,
10376,,,,,1,,
10377,66280.88,92772.52,35.0,2650.6434285714286,1,,
10378,48967.42,164352.83,62.0,2650.8520967741933,2,,
10379,102926.31,164368.65,60.0,2739.4775,2,,
10380,90268.4,89976.5,33.0,2726.560606060606,1,,
10381,,,,,1,,
10382,94962.36,71193.29000000001,32.0,2224.7903125000003,1,,
10383,104763.01999999999,165782.68,68.0,2437.980588235294,2,,
10384,195698.26,301195.11,120.0,2509.95925,4,2.0,76999.24
10385,,,,,1,,
10386,855.61,88943.82,39.0,2280.6107692307696,1,,
10387,223382.11,317968.29,114.0,2789.1955263157893,3,1.0,57775.26
10388,88098.11,78652.56999999999,31.0,2537.1796774193544,1,,
10389,52510.72,144185.46,52.0,2772.7973076923076,2,,
10390,159514.07,231424.53,90.0,2571.3836666666666,3,2.0,56132.45
10391,88425.93,47986.88,21.0,2285.0895238095236,1,,
10392,128619.66999999998,226442.2,98.0,2310.634693877551,3,,
10393,137378.98,173376.5,59.0,2938.584745762712,2,,
10394,38947.17,75305.16,28.0,2689.4700000000003,1,,
10395,283946.26,243901.19,105.0,2322.868476190476,3,,
10396,76521.11,188089.45,72.0,2612.3534722222225,2,2.0,46486.21
10397,137898.44,192632.27,78.0,2469.644487179487,3,,
10398,135717.81,134404.71,56.0,2400.084107142857,2,,
10399,264097.63,201169.63,86.0,2339.1817441860467,3,2.0,109126.18
10400,59391.36,61435.04,28.0,2194.1085714285714,1,,
10401,213133.32,289350.02,115.0,2516.087130434783,4,1.0,27771.85
10402,38437.42,89579.51,35.0,2559.4145714285714,1,1.0,85139.66
10403,,,,,1,,
10404,166765.53,328317.29,132.0,2487.252196969697,4,2.0,153266.22
10405,50895.93,64699.88,25.0,2587.9952,1,,
10406,,,,,1,,
10407,88735.87,151229.63,64.0,2362.96296875,2,1.0,16092.64
10408,,,,,1,,
10409,46084.79,159446.11,65.0,2453.0170769230767,2,,
10410,7142.29,82928.79,37.0,2241.3186486486484,1,,
10411,38210.45,128914.43,54.0,2387.304259259259,2,,
10412,72327.0,137171.37,53.0,2588.1390566037735,2,,
10413,28424.71,87728.22,33.0,2658.430909090909,1,,
10414,57929.369999999995,169914.98,66.0,2574.469393939394,2,,
10415,35829.66,84207.85,38.0,2215.996052631579,1,,
10416,,,,,1,,
10417,40838.229999999996,129087.14,49.0,2634.4314285714286,2,,
10418,32750.670000000002,241136.77,92.0,2621.051847826087,3,2.0,79096.89
10419,172088.77000000002,150397.99,64.0,2349.96859375,2,,
10420,62988.18,84556.84,33.0,2562.3284848484845,1,,
10421,75147.49,65499.770000000004,25.0,2619.9908,1,,
10422,37362.06,77983.07,30.0,2599.4356666666667,1,1.0,83925.89
10423,69282.76,229992.84,97.0,2371.060206185567,3,2.0,158957.32
10424,,,,,1,,
10425,109670.76999999999,148143.08,55.0,2693.510545454545,2,,
10426,96969.92,115982.46,56.0,2071.115357142857,2,1.0,72030.09
10427,156351.31,273555.8,112.0,2442.4625,4,,
10428,54157.45,155729.85,59.0,2639.4889830508478,2,,
10429,13508.38,98886.54,36.0,2746.8483333333334,1,,
10430,98536.94,50315.51,20.0,2515.7755,1,,
10431,142564.53,226730.58,93.0,2437.9632258064516,3,,
10432,42644.7,67978.92,27.0,2517.737777777778,1,,
10433,94618.51,83560.53,33.0,2532.137272727273,1,,
10434,52486.18,56222.99,24.0,2342.6245833333332,1,1.0,33175.84
10435,30389.48,83446.99,35.0,2384.1997142857144,1,,
10436,171517.45,225106.07,89.0,2529.2816853932586,3,,
10437,112316.0,135907.7,56.0,2426.9232142857145,2,,
10438,2857.78,81290.26,33.0,2463.341212121212,1,,
10439,94406.44,172989.8,68.0,2543.9676470588233,2,,
10440,98678.22,76675.91,29.0,2643.996896551724,1,,
10441,120632.04000000001,331680.18,129.0,2571.1641860465115,4,1.0,84300.98
10442,71478.64,75840.23,28.0,2708.5796428571425,1,1.0,23193.37
10443,75547.07,172752.74,65.0,2657.7344615384613,2,,
10444,,,,,1,,
10445,121576.54000000001,165595.26,68.0,2435.224411764706,2,,
10446,190564.75,346205.35,139.0,2490.6859712230216,4,1.0,36366.26
10447,6122.35,70776.63,30.0,2359.221,1,,
10448,23003.74,157377.71,66.0,2384.5107575757575,2,,
10449,114188.27,108740.03,49.0,2219.1842857142856,2,1.0,27223.9
10450,9782.45,55978.0,20.0,2798.9,1,,
10451,46210.520000000004,135560.07,63.0,2151.747142857143,2,,
10452,22576.99,78470.26,30.0,2615.675333333333,1,1.0,50421.73
10453,,,,,1,,
10454,31062.72,109679.29,44.0,2492.7111363636363,1,,
10455,49112.5,78870.11,29.0,2719.6589655172415,1,,
10456,96922.37,64057.83,28.0,2287.779642857143,1,,
10457,45130.85,128783.86,59.0,2182.777288135593,2,,
10458,504123.82,919937.16,363.0,2534.2621487603305,11,2.0,149937.69
10459,140030.2,240552.64,89.0,2702.8386516853934,3,,
10460,138713.75,136152.61,51.0,2669.6590196078428,2,1.0,47534.75
10461,152436.06,155924.15,65.0,2398.833076923077,2,1.0,99830.19
10462,66275.11,84550.84999999999,32.0,2642.2140624999997,1,,
10463,45585.4,83709.7,33.0,2536.6575757575756,1,1.0,21707.86
10464,15412.78,82414.6,39.0,2113.194871794872,1,,
10465,50412.12,85827.06,31.0,2768.6148387096773,1,,
10466,93428.62,81735.48,34.0,2403.984705882353,1,,
10467,38406.79,63510.34,23.0,2761.3191304347824,1,,
10468,239261.66999999998,316998.34,116.0,2732.7443103448277,4,1.0,76955.79
10469,,,,,1,,
10470,9390.16,100844.05,37.0,2725.514864864865,1,,
10471,16465.88,169261.89,70.0,2418.027,2,,
10472,37540.05,129820.22,53.0,2449.4381132075473,2,2.0,141014.24
10473,68796.18,99350.27,33.0,3010.6142424242425,1,,
10474,22748.87,50575.22,21.0,2408.34380952381,1,,
10475,193754.64,144779.23,56.0,2585.343392857143,2,1.0,6507.99
10476,90889.92,47568.35,23.0,2068.1891304347823,1,2.0,157446.53
10477,32577.75,139721.66,45.0,3104.925777777778,1,1.0,99488.79
10478,150646.46,246253.57,85.0,2897.1008235294116,3,,
10479,41195.04,60321.32,24.0,2513.3883333333333,1,,
10480,,,,,1,,
10481,12603.53,80335.47,33.0,2434.4081818181817,1,,
10482,,,,,1,,
10483,35818.45,61608.99,24.0,2567.0412499999998,1,,
10484,89513.23999999999,151427.0,59.0,2566.5593220338983,2,,
10485,168028.29,219884.74,89.0,2470.6150561797754,3,,
10486,19636.99,89569.67,33.0,2714.2324242424243,1,,
10487,,,,,1,,
10488,100920.31000000001,136598.33000000002,49.0,2787.7210204081634,2,,
10489,,,,,1,,
10490,79518.63,79897.54,29.0,2755.0875862068965,1,,
10491,94860.23999999999,153193.01,59.0,2596.4916949152544,2,,
10492,45661.32,107249.28,48.0,2234.36,2,,
10493,54078.259999999995,130275.33,51.0,2554.4182352941175,2,,
10494,165459.03,251195.15,93.0,2701.0231182795696,3,,
10495,167054.53,227835.52,87.0,2618.79908045977,3,1.0,87020.31
10496,10299.2,93596.28,38.0,2463.06,1,,
10497,183311.18,167852.69,64.0,2622.69828125,2,,
10498,16244.9,173629.58,66.0,2630.751212121212,2,,
10499,93642.02,81111.3,34.0,2385.6264705882354,1,1.0,11854.46
10500,178902.39,200885.59,81.0,2480.069012345679,3,1.0,24768.37
10501,158147.12,154958.26,61.0,2540.299344262295,2,1.0,89648.09
10502,91140.51999999999,222041.67,89.0,2494.8502247191013,3,1.0,65948.85
10503,162917.22999999998,137248.5,58.0,2366.353448275862,2,,
10504,23404.59,134492.49,64.0,2101.44515625,2,,
10505,55584.89,67730.93000000001,26.0,2605.0357692307693,1,2.0,82621.42000000001
10506,137343.12,245372.31,96.0,2555.9615625,3,,
10507,96203.92,71619.33,26.0,2754.5896153846156,1,,
10508,,,,,1,,
10509,85030.52,53579.44,24.0,2232.476666666667,1,,
10510,14814.87,52304.770000000004,24.0,2179.365416666667,1,,
10511,98233.76000000001,266534.77,107.0,2490.9791588785047,3,1.0,73391.3
10512,71615.89,113930.6,48.0,2373.554166666667,2,,
10513,,,,,1,,
10514,97505.74,70681.52,28.0,2524.34,1,,
10515,142854.76,221393.76,79.0,2802.452658227848,3,,
10516,,,,,1,,
10517,,,,,1,,
10518,235994.15999999997,335107.51,136.0,2464.0258088235296,5,1.0,82144.49
10519,44765.57,154263.35,68.0,2268.578676470588,2,,
10520,66524.93,101379.84,34.0,2981.7599999999998,1,,
10521,,,,,1,,
10522,167687.24,105969.97,48.0,2207.7077083333334,2,1.0,75583.81
10523,,,,,1,,
10524,204875.23,231961.77,93.0,2494.2125806451613,3,,
10525,21044.85,81758.36,34.0,2404.6576470588234,1,,
10526,126220.26999999999,268723.8,93.0,2889.5032258064516,3,,
10527,97520.65,55951.5,21.0,2664.3571428571427,1,,
10528,101246.03,190134.21,70.0,2716.203,2,1.0,41063.62
10529,116059.54000000001,207427.97,75.0,2765.7062666666666,2,,
10530,80601.43,91920.06999999999,35.0,2626.287714285714,1,,
10531,,,,,1,,
10532,115397.18,121437.3,52.0,2335.3326923076925,2,,
10533,,,,,1,,
10534,30305.49,76856.91,32.0,2401.7784375,1,1.0,84671.11
10535,254715.78000000003,277192.69,113.0,2453.0326548672565,4,2.0,107688.23
10536,,,,,1,,
10537,45129.0,83670.82,32.0,2614.713125,1,,
10538,96833.55,162664.49,66.0,2464.613484848485,2,,
10539,54673.13,61321.51,24.0,2555.0629166666668,1,,
10540,67038.22,75489.79,35.0,2156.851142857143,1,1.0,87988.21
10541,70104.27,255414.61,105.0,2432.520095238095,3,,
10542,,,,,1,,
10543,137130.71000000002,249164.88999999998,90.0,2768.498777777778,3,,
10544,47917.51,87795.84,32.0,2743.62,1,,
10545,304750.15,329101.02999999997,125.0,2632.80824,4,2.0,157127.07
10546,,,,,1,,
10547,,,,,1,,
10548,,,,,1,,
10549,86753.63,93187.23,42.0,2218.743571428571,1,,
10550,62529.799999999996,165350.94,60.0,2755.849,2,,
10551,100962.34,236232.88,90.0,2624.809777777778,3,1.0,64057.79
10552,48714.36,161139.45,66.0,2441.5068181818183,2,1.0,84790.28
10553,,,,,1,,
10554,18417.51,64475.48,26.0,2479.826153846154,1,,
10555,3563.19,65151.95,28.0,2326.855357142857,1,,
10556,91826.88,199729.93,78.0,2560.640128205128,2,1.0,40746.65
10557,166406.88,250402.88999999998,110.0,2276.389909090909,4,,
10558,56499.15,111750.8,39.0,2865.405128205128,1,,
10559,,,,,1,,
10560,,,,,1,,
10561,254662.58,219783.51,93.0,2363.2635483870968,3,1.0,62585.34
10562,39524.369999999995,148019.39,68.0,2176.755735294118,2,,
10563,,,,,1,,
10564,31978.53,80942.9,31.0,2611.0612903225806,1,,
10565,177385.38,277007.15,118.0,2347.518220338983,4,3.0,119418.75
10566,91124.05,86916.43,34.0,2556.365588235294,1,,
10567,90807.98,176550.68,69.0,2558.705507246377,3,,
10568,171582.12,217576.61000000002,91.0,2390.9517582417584,3,,
10569,,,,,1,,
10570,41593.86,82208.57,37.0,2221.8532432432435,1,,
10571,148038.31,334759.88,136.0,2461.469705882353,4,,
10572,33936.14,63439.44,23.0,2758.2365217391307,1,,
10573,126788.18,261824.5,91.0,2877.1923076923076,3,,
10574,232262.27,385730.02999999997,145.0,2660.2071034482756,4,1.0,35193.45
10575,166330.00999999998,256686.85,105.0,2444.6366666666668,4,1.0,68008.02
10576,197592.31,291649.12,112.0,2604.0099999999998,3,3.0,107148.58
10577,73352.5,65672.33,31.0,2118.4622580645164,1,,
10578,83456.3,127766.01,56.0,2281.5358928571427,2,,
10579,122272.26000000001,144605.04,62.0,2332.33935483871,2,1.0,29013.67
10580,14560.17,90147.41,31.0,2907.9809677419357,1,,
10581,,,,,1,,
10582,216107.34,190080.95,81.0,2346.6783950617287,3,1.0,58856.94
10583,143030.05,145201.3,58.0,2503.470689655172,2,,
10584,296388.19,276188.94,111.0,2488.1886486486487,4,,
10585,41482.99,106553.4,46.0,2316.378260869565,1,,
10586,65982.99,137333.81,61.0,2251.3739344262294,2,1.0,22288.38
10587,56535.81,63870.09,29.0,2202.416896551724,1,,
10588,99815.57,51196.590000000004,24.0,2133.1912500000003,1,,
10589,,,,,1,,
10590,,,,,1,,
10591,,,,,1,,
10592,50478.51,155532.31,62.0,2508.5856451612904,2,,
10593,145384.06,220433.67,94.0,2345.039042553192,3,,
10594,47387.99,88781.18,36.0,2466.143888888889,1,,
10595,35503.33,51953.57,21.0,2473.979523809524,1,,
10596,83630.29000000001,214437.28,79.0,2714.3959493670886,2,1.0,3503.09
10597,,,,,1,,
10598,,,,,1,,
10599,44110.89,151506.17,55.0,2754.657636363637,2,1.0,26204.77
10600,96074.22,71114.56,28.0,2539.805714285714,1,,
10601,38058.16,64546.47,27.0,2390.61,1,,
10602,183476.91999999998,211276.28,83.0,2545.4973493975904,3,,
10603,413715.8,384162.22,153.0,2510.8641830065358,5,4.0,195204.91999999998
10604,74535.48000000001,163199.41,58.0,2813.7829310344828,2,,
10605,44006.369999999995,138307.38,51.0,2711.909411764706,2,,
10606,,,,,1,,
10607,,,,,1,,
10608,90342.64,133046.71,52.0,2558.5905769230767,2,,
10609,137162.7,112693.52,54.0,2086.917037037037,2,,
10610,88823.48,82960.56999999999,31.0,2676.1474193548383,1,,
10611,141368.38,110941.85,51.0,2175.3303921568627,2,,
10612,37144.18,140091.17,58.0,2415.3650000000002,2,,
10613,87749.26,60497.340000000004,31.0,1951.5270967741938,1,,
10614,32176.3,78893.02,32.0,2465.406875,1,,
10615,60894.86,84866.28,40.0,2121.657,1,,
10616,54413.45,150851.63999999998,56.0,2693.7792857142854,2,,
10617,131623.28,154718.73,62.0,2495.4633870967746,2,,
10618,26242.64,70966.39,30.0,2365.546333333333,1,,
10619,47109.88,59606.74,23.0,2591.5973913043476,1,,
10620,153386.6,165775.48,70.0,2368.221142857143,2,,
10621,,,,,1,,
10622,,,,,1,,
10623,,,,,1,,
10624,210602.05,227275.33000000002,86.0,2642.7363953488375,3,,
10625,33473.34,67107.43000000001,28.0,2396.693928571429,1,,
10626,34252.99,58010.44,25.0,2320.4176,1,,
10627,10365.83,94736.46,39.0,2429.1400000000003,1,,
10628,92686.34,127951.44,56.0,2284.847142857143,2,,
10629,,,,,1,,
10630,,,,,1,,
10631,44490.149999999994,147875.07,63.0,2347.2233333333334,2,1.0,41206.98
10632,138658.91999999998,139258.42,52.0,2678.0465384615386,2,1.0,9191.43
10633,92207.53,68974.66,35.0,1970.7045714285716,1,,
10634,159706.2,206969.05,87.0,2378.9545977011494,3,1.0,28872.26
10635,84925.81,82378.74,36.0,2288.2983333333336,1,,
10636,121935.64,116852.54000000001,50.0,2337.0508,2,,
10637,76460.04000000001,242576.32,99.0,2450.2658585858585,3,1.0,97866.11
10638,,,,,1,,
10639,96899.81,116767.07,39.0,2994.027435897436,2,,
10640,85648.39,60193.36,28.0,2149.7628571428572,1,,
10641,,,,,1,,
10642,106773.53,186218.16999999998,73.0,2550.933835616438,2,1.0,58822.33
10643,187586.06,216377.29,90.0,2404.192111111111,3,,
10644,,,,,1,,
10645,173072.34,143406.99,60.0,2390.1164999999996,2,1.0,21884.17
10646,,,,,1,,
10647,61130.67,67984.68,27.0,2517.951111111111,1,,
10648,46654.26,58321.49,27.0,2160.055185185185,1,,
10649,136120.59,261650.07,95.0,2754.211263157895,3,,
10650,1137.43,96370.34,31.0,3108.72064516129,1,1.0,5297.92
10651,120197.5,134169.78,56.0,2395.8889285714286,2,,
10652,29627.66,44737.42,23.0,1945.1052173913042,1,,
10653,78226.86,53118.34,24.0,2213.2641666666664,1,1.0,31471.08
10654,7314.7,63184.21,31.0,2038.2003225806452,1,,
10655,65997.34,226993.3,91.0,2494.431868131868,3,,
10656,87103.24,65567.66,30.0,2185.588666666667,1,1.0,80385.21
10657,45858.74,66486.71,24.0,2770.2795833333334,1,,
10658,,,,,1,,
10659,49458.99,124910.79,54.0,2313.1627777777776,2,,
10660,,,,,1,,
10661,46628.24,82436.02,29.0,2842.6213793103448,1,,
10662,166913.66999999998,237260.65,90.0,2636.229444444444,3,,
10663,,,,,1,,
10664,34532.54,75307.08,30.0,2510.236,1,,
10665,57672.29,53604.94,24.0,2233.539166666667,1,1.0,16185.43
10666,40721.729999999996,148597.1,64.0,2321.8296875,2,1.0,98089.6
10667,167526.66,299891.16,118.0,2541.450508474576,4,2.0,104931.46
10668,,,,,1,,
10669,107714.14000000001,156562.17,70.0,2236.602428571429,2,2.0,154033.94
10670,103217.72,276260.51,99.0,2790.510202020202,3,2.0,93580.56
10671,66632.61,189451.67,72.0,2631.2731944444445,2,,
10672,158436.1,154214.75,60.0,2570.2458333333334,2,,
10673,,,,,1,,
10674,164506.65000000002,163221.81,64.0,2550.34078125,2,,
10675,59425.38,98297.88,32.0,3071.80875,1,,
10676,33358.45,159645.55,56.0,2850.813392857143,2,,
10677,186624.6,177943.73,65.0,2737.595846153846,2,1.0,83896.24
10678,53456.93,78690.05,31.0,2538.3887096774192,1,,
10679,,,,,1,,
10680,52220.020000000004,112528.08,50.0,2250.5616,2,1.0,19627.15
10681,96171.55,121244.74,59.0,2054.9955932203393,2,,
10682,,,,,1,,
10683,41432.48,58678.83,26.0,2256.878076923077,1,,
10684,,,,,1,,
10685,75217.21,89371.26,40.0,2234.2815,1,,
10686,337187.78,481284.98,195.0,2468.1281025641024,5,4.0,274567.42000000004
10687,227155.69,284217.57,114.0,2493.1365789473684,4,2.0,129952.91
10688,43699.63,79608.06,29.0,2745.1055172413794,1,,
10689,52550.59,58350.42,21.0,2778.5914285714284,1,,
10690,189331.69,149116.44,59.0,2527.397288135593,2,1.0,59380.52
10691,65275.81,161910.2,69.0,2346.5246376811597,2,1.0,75999.06
10692,113354.45999999999,176843.05,67.0,2639.4485074626864,2,1.0,17917.14
10693,109588.01999999999,127024.14,60.0,2117.069,2,,
10694,234387.3,276924.19,103.0,2688.584368932039,3,2.0,78305.37
10695,,,,,1,,
10696,2850.69,42307.42,18.0,2350.412222222222,1,,
10697,54175.01,135255.69,56.0,2415.2801785714287,2,,
10698,28537.58,66068.48,31.0,2131.2412903225804,1,,
10699,59032.48,101978.86,39.0,2614.842564102564,1,,
10700,29373.04,135517.15,57.0,2377.493859649123,2,,
10701,66279.41,49793.06,26.0,1915.1176923076923,1,,
10702,20614.63,96144.29,40.0,2403.60725,1,,
10703,95072.78,216955.56,91.0,2384.127032967033,3,1.0,83339.02
10704,107620.11,165993.18,67.0,2477.510149253731,2,,
10705,26905.510000000002,126512.55,45.0,2811.39,2,2.0,149840.59
10706,113618.97,262391.1,108.0,2429.547222222222,3,1.0,53911.37
10707,127110.29000000001,237229.82,89.0,2665.5035955056183,3,1.0,31038.04
10708,74085.98999999999,156131.1,62.0,2518.243548387097,2,1.0,21375.07
10709,98804.31,80305.59,30.0,2676.853,1,2.0,83782.1
10710,120002.31,236027.09,85.0,2776.789294117647,3,1.0,86224.07
10711,,,,,1,,
10712,73323.55,67566.79000000001,28.0,2413.099642857143,1,,
10713,44268.2,70726.15,36.0,1964.6152777777777,1,,
10714,,,,,1,,
10715,,,,,1,,
10716,200239.93,186558.06,75.0,2487.4408,3,,
10717,,,,,1,,
10718,148354.35,145209.35,60.0,2420.1558333333332,2,2.0,153337.93
10719,126691.58,214526.43,81.0,2648.4744444444445,3,,
10720,,,,,1,,
10721,99185.63,92788.55,35.0,2651.1014285714286,1,,
10722,76939.58,91015.36,39.0,2333.7271794871795,1,,
10723,60251.22,102803.37,35.0,2937.2391428571427,1,1.0,87408.64
10724,40425.89,99977.69,33.0,3029.62696969697,1,,
10725,,,,,1,,
10726,180557.06,200944.38999999998,82.0,2450.5413414634145,3,,
10727,150588.11,235427.16,96.0,2452.36625,3,1.0,97550.01
10728,86448.69,161033.49,64.0,2516.14828125,2,,
10729,107557.82999999999,218585.48,77.0,2838.7724675324675,2,,
10730,51644.69,201499.16999999998,78.0,2583.3226923076923,2,1.0,9326.3
10731,95485.55,100198.25,32.0,3131.1953125,1,,
10732,,,,,1,,
10733,,,,,1,,
10734,208347.58,407128.73,163.0,2497.7222699386502,4,,
10735,35239.9,71129.27,31.0,2294.4925806451615,1,,
10736,33094.26,88343.86,31.0,2849.801935483871,1,,
10737,,,,,1,,
10738,184790.42,244188.96,93.0,2625.6877419354837,3,,
10739,158269.25,367835.24,148.0,2485.373243243243,5,,
10740,89784.29999999999,371888.65,159.0,2338.922327044025,3,,
10741,74282.98999999999,271122.28,102.0,2658.0615686274514,3,,
10742,66974.97,80461.84,32.0,2514.4325,1,,
10743,151730.58,126514.31999999999,47.0,2691.7940425531915,2,1.0,48726.88
10744,,,,,1,,
10745,261907.02999999997,225091.14,86.0,2617.3388372093027,3,,
10746,150958.53,149784.0,56.0,2674.714285714286,2,1.0,63515.6
10747,68217.62,82519.06,33.0,2500.5775757575757,1,1.0,12279.78
10748,47690.43,146072.58,60.0,2434.5429999999997,2,,
10749,202767.28999999998,236199.65,86.0,2746.507558139535,3,,
10750,87921.93,74895.95,34.0,2202.8220588235295,1,,
10751,117758.09,165873.24,65.0,2551.8959999999997,2,,
10752,,,,,1,,
10753,111325.39,157861.46,62.0,2546.1525806451614,2,2.0,57392.86
10754,60087.11,102806.53,36.0,2855.7369444444444,1,,
10755,80947.03,66489.51,30.0,2216.317,1,,
10756,70376.51,58105.0,24.0,2421.0416666666665,1,1.0,83796.69
10757,14883.88,82805.05,33.0,2509.2439393939394,1,,
10758,181514.62,187252.05,72.0,2600.7229166666666,2,,
10759,,,,,1,,
10760,271238.93,466013.45,196.0,2377.619642857143,6,4.0,206692.5
10761,,,,,1,,
10762,68773.85,116109.31,43.0,2700.216511627907,1,,
10763,,,,,1,,
10764,101148.19,144813.33,60.0,2413.5555,2,,
10765,58739.64,36827.59,16.0,2301.724375,1,1.0,57741.55
10766,102603.43000000001,248139.64,99.0,2506.4610101010103,3,,
10767,118609.06,115846.1,44.0,2632.865909090909,2,1.0,9103.78
10768,28557.33,70020.92,27.0,2593.3674074074074,1,,
10769,439.01,64050.67,27.0,2372.247037037037,1,,
10770,51690.39,106903.23999999999,50.0,2138.0647999999997,2,,
10771,59428.04,69792.75,27.0,2584.9166666666665,1,,
10772,,,,,1,,
10773,152393.69,268865.15,98.0,2743.5219387755105,3,2.0,92714.63
10774,204237.74,232336.95,91.0,2553.1532967032967,3,1.0,35503.34
10775,,,,,1,,
10776,52482.12,83309.0,33.0,2524.5151515151515,1,1.0,56372.03
10777,52143.22,97104.77,40.0,2427.61925,1,,
10778,77732.77,46317.0,23.0,2013.7826086956522,1,,
10779,45860.35,154298.7,60.0,2571.645,2,,
10780,172113.02000000002,142263.3,60.0,2371.055,2,,
10781,98696.44,142836.26,56.0,2550.6475,2,,
10782,33344.03,40283.62,18.0,2237.978888888889,1,,
10783,132536.52000000002,150251.89,67.0,2242.56552238806,2,1.0,14254.2
10784,125075.95,136694.53,54.0,2531.3801851851854,2,1.0,72665.87
10785,31938.31,99284.45999999999,38.0,2612.748947368421,1,,
10786,49676.09,78352.69,33.0,2374.3239393939393,1,,
10787,,,,,1,,
10788,13510.69,43556.64,25.0,1742.2656,1,,
10789,89365.94,71512.6,32.0,2234.76875,1,,
10790,,,,,1,,
10791,,,,,1,,
10792,131221.65,144080.78,61.0,2361.98,2,,
10793,,,,,1,,
10794,91941.52,82999.22,29.0,2862.0420689655175,1,,
10795,74346.64,168733.49,73.0,2311.4176712328767,2,1.0,76322.83
10796,30363.58,81728.46,33.0,2476.6200000000003,1,,
10797,180841.59,283304.41,115.0,2463.516608695652,4,3.0,203938.43
10798,51176.54,141687.37,48.0,2951.820208333333,2,,
10799,83634.16,86771.17,34.0,2552.0932352941177,1,,
10800,220393.91999999998,236143.43,103.0,2292.6546601941745,4,3.0,227196.65000000002
10801,62664.46,63750.82,24.0,2656.284166666667,1,,
10802,34872.04,81219.92,29.0,2800.686896551724,1,,
10803,27557.309999999998,157744.71,61.0,2585.9788524590163,2,,
10804,,,,,1,,
10805,,,,,1,,
10806,56605.54,85348.41,30.0,2844.947,1,1.0,37284.69
10807,141611.22999999998,147082.7,60.0,2451.3783333333336,2,,
10808,91724.55,106632.82,38.0,2806.126842105263,1,,
10809,,,,,1,,
10810,46542.0,148512.28,60.0,2475.2046666666665,2,,
10811,93495.91,69321.95,26.0,2666.228846153846,1,1.0,41375.81
10812,24602.31,64423.02,27.0,2386.0377777777776,1,,
10813,219962.21999999997,255332.30000000002,105.0,2431.7361904761906,3,,
10814,77462.93,94351.12,32.0,2948.4725,1,1.0,79515.81
10815,52471.44,61214.23,23.0,2661.4882608695652,1,,
10816,94760.32,103589.41,35.0,2959.6974285714286,1,,
10817,74175.01000000001,100683.75,43.0,2341.482558139535,2,1.0,71988.1
10818,163595.47,288044.17,114.0,2526.703245614035,4,2.0,30728.76
10819,147363.82,254895.55,95.0,2683.111052631579,3,1.0,83105.71
10820,73138.79000000001,146521.95,56.0,2616.463392857143,2,,
10821,289642.78,318362.22,128.0,2487.20484375,4,,
10822,56938.14,216126.45,88.0,2455.9823863636366,3,,
10823,4734.68,66176.18,27.0,2450.9696296296293,1,,
10824,60387.81,79927.43,29.0,2756.118275862069,1,,
10825,,,,,1,,
10826,,,,,1,,
10827,,,,,1,,
10828,11914.04,44466.62,21.0,2117.458095238095,1,,
10829,98193.39,97129.82,37.0,2625.1302702702706,1,,
10830,12736.16,84451.15,30.0,2815.038333333333,1,,
10831,,,,,1,,
10832,179606.2,129670.12,48.0,2701.460833333333,2,,
10833,61013.979999999996,175067.47,67.0,2612.947313432836,2,,
10834,56611.36,158181.43,58.0,2727.2660344827586,2,,
10835,,,,,1,,
10836,139948.94,118234.43000000001,46.0,2570.313695652174,2,,
10837,,,,,1,,
10838,95221.01,268599.1,96.0,2797.9072916666664,3,,
10839,168017.54,271298.9,114.0,2379.814912280702,2,2.0,84760.88
10840,98320.47,207201.43,76.0,2726.3346052631578,3,,
10841,48602.51,110274.93,36.0,3063.1924999999997,1,,
10842,206189.51,226285.25,89.0,2542.5308988764045,3,,
10843,30763.53,115131.34,49.0,2349.6191836734693,2,,
10844,,,,,1,,
10845,117237.77,164621.44,64.0,2572.21,2,,
10846,,,,,1,,
10847,,,,,1,,
10848,150584.35,194735.45,89.0,2188.038764044944,3,,
10849,,,,,1,,
10850,102535.66,187271.33,70.0,2675.304714285714,2,3.0,116582.65
10851,92842.18,151500.38,62.0,2443.5545161290324,2,1.0,64131.66
10852,66448.99,76206.03,29.0,2627.7941379310346,1,,
10853,66553.69,84621.11,29.0,2917.9693103448276,1,1.0,48227.66
10854,,,,,1,,
10855,81624.65,80966.07,33.0,2453.517272727273,1,2.0,63542.61
10856,96537.73999999999,123626.7,48.0,2575.55625,2,,
10857,283839.31,283630.74,115.0,2466.354260869565,4,,
10858,,,,,1,,
10859,86300.12,186559.24,76.0,2454.726842105263,2,1.0,98478.6
10860,111942.12999999999,148191.1,56.0,2646.269642857143,2,,
10861,7264.93,101389.78,34.0,2982.0523529411767,1,,
10862,13836.35,86787.14,30.0,2892.904666666667,1,,
10863,88081.58,84088.86,31.0,2712.543870967742,1,,
10864,75432.07,153840.41,61.0,2521.97393442623,2,,
10865,94045.47,183033.78,69.0,2652.6634782608694,2,,
10866,34247.23,91013.53,39.0,2333.6802564102563,1,,
10867,196912.16,213568.38,89.0,2399.6447191011234,3,,
10868,3095.33,44698.06,20.0,2234.903,1,1.0,71795.09
10869,39813.36,69427.31,36.0,1928.5363888888887,1,,
10870,48802.76,80198.24,30.0,2673.2746666666667,1,1.0,80777.24
10871,63164.33,55060.84,24.0,2294.2016666666664,1,,
10872,,,,,1,,
10873,107698.72,198892.34,79.0,2517.624556962025,2,,
10874,,,,,1,,
10875,59361.75,87899.58,38.0,2313.146842105263,1,,
10876,74408.88,90777.33,36.0,2521.5925,1,,
10877,13689.45,69553.27,26.0,2675.1257692307695,1,,
10878,,,,,1,,
10879,68630.97,51488.7,22.0,2340.3954545454544,1,,
10880,73270.44,146974.86000000002,65.0,2261.1516923076924,2,,
10881,91295.86,76198.12,31.0,2458.003870967742,1,,
10882,7977.53,89685.17,36.0,2491.254722222222,1,,
10883,59511.6,163097.97,69.0,2363.738695652174,2,1.0,47753.35
10884,,,,,1,,
10885,,,,,1,,
10886,54548.29,63090.57,26.0,2426.5603846153845,1,1.0,29609.93
10887,156272.58,205463.15,84.0,2445.989880952381,3,1.0,30825.35
10888,,,,,1,,
10889,93898.27,68495.84,28.0,2446.2799999999997,1,,
10890,52829.59,93967.02,35.0,2684.772,1,,
10891,107164.17,184596.24,77.0,2397.3537662337662,2,,
10892,163278.2,251919.27,101.0,2494.2501980198017,3,,
10893,120144.11,289450.64,105.0,2756.672761904762,3,,
10894,137664.06,228820.15,96.0,2383.5432291666666,3,,
10895,217974.81,425131.81,171.0,2486.1509356725146,6,1.0,60739.7
10896,116192.58,161080.39,64.0,2516.88109375,2,,
10897,17831.08,85513.14,32.0,2672.285625,1,,
10898,111718.32,124579.76,57.0,2185.6098245614035,2,,
10899,373753.5,427259.05,172.0,2484.0642441860464,5,1.0,14857.72
10900,73054.7,171940.45,67.0,2566.2753731343287,2,,
10901,,,,,1,,
10902,71407.61,167201.05,73.0,2290.425342465753,2,1.0,94432.05
10903,68387.34,181514.83,70.0,2593.069,2,,
10904,114910.3,374812.82,161.0,2328.0299378881987,3,1.0,99733.08
10905,,,,,1,,
10906,55824.25,264880.42,103.0,2571.654563106796,3,2.0,117219.93000000001
10907,55024.14,75193.43000000001,31.0,2425.5945161290324,1,,
10908,96758.13,355247.99,148.0,2400.3242567567568,4,,
10909,268198.17,458046.96,185.0,2475.9295135135135,6,1.0,90788.26
10910,97498.08,72317.6,25.0,2892.704,1,,
10911,88833.03,71981.2,30.0,2399.3733333333334,1,,
10912,11467.359999999999,149430.31,64.0,2334.84859375,2,2.0,79314.72
10913,234810.34000000003,227143.25,91.0,2496.0796703296705,3,,
10914,103395.64,142784.64,58.0,2461.804137931035,2,,
10915,32978.16,90087.86,34.0,2649.6429411764707,1,,
10916,,,,,1,,
10917,,,,,1,,
10918,,,,,1,,
10919,22716.19,92456.44,36.0,2568.2344444444443,1,,
10920,151594.86000000002,202427.5,78.0,2595.224358974359,3,1.0,11879.52
10921,,,,,1,,
10922,4671.65,69985.88,29.0,2413.306206896552,1,1.0,70782.7
10923,14925.32,125767.84,49.0,2566.6906122448977,2,,
10924,,,,,1,,
10925,325306.41,302854.5,125.0,2422.836,4,2.0,47620.479999999996
10926,15144.15,71505.3,32.0,2234.540625,1,,
10927,65362.69,88616.67,31.0,2858.6022580645163,1,,
10928,87141.62,71301.22,31.0,2300.0393548387096,1,,
10929,75314.83,79255.59,30.0,2641.853,1,,
10930,127843.17,141656.5,68.0,2083.1838235294117,2,1.0,7431.11
10931,1483.96,291199.14,100.0,2911.9914000000003,2,,
10932,1966.25,81307.78,34.0,2391.405294117647,1,,
10933,51562.56,243702.71,102.0,2389.2422549019607,3,,
10934,78686.20000000001,146774.84,56.0,2620.9792857142857,2,,
10935,88012.70999999999,151664.37,69.0,2198.034347826087,2,,
10936,90241.67000000001,118781.74,55.0,2159.668,2,,
10937,168803.62,153704.84,63.0,2439.759365079365,2,,
10938,119036.71,94476.56,45.0,2099.4791111111113,2,,
10939,89332.76,203835.94,78.0,2613.2812820512822,3,1.0,17620.82
10940,92705.19,144561.09,59.0,2450.1879661016947,2,1.0,89845.11
10941,,,,,1,,
10942,63793.48,83987.88,32.0,2624.62125,1,,
10943,108188.4,162209.71,68.0,2385.4369117647057,2,1.0,18204.87
10944,,,,,1,,
10945,22968.67,66782.17,32.0,2086.9428125,1,,
10946,,,,,1,,
10947,206403.54,197414.21,81.0,2437.212469135802,3,,
10948,71053.0,159525.36,64.0,2492.58375,2,,
10949,,,,,1,,
10950,19307.32,101682.25,39.0,2607.2371794871797,1,,
10951,17836.489999999998,122411.72,45.0,2720.2604444444446,2,,
10952,180711.57,215194.82,81.0,2656.726172839506,3,,
10953,105502.08,160307.26,70.0,2290.1037142857144,2,,
10954,24747.41,56179.53,23.0,2442.588260869565,1,,
10955,,,,,1,,
10956,336174.71,248226.9,102.0,2433.5970588235296,4,1.0,6931.92
10957,,,,,1,,
10958,129144.88,188278.73,80.0,2353.484125,2,,
10959,,,,,1,,
10960,97375.3,52449.28,20.0,2622.464,1,,
10961,,,,,1,,
10962,12971.96,69571.67,30.0,2319.0556666666666,1,,
10963,205126.43,296907.66,115.0,2581.8057391304346,4,1.0,72508.87
10964,10718.14,48035.78,26.0,1847.53,1,1.0,71503.39
10965,,,,,1,,
10966,123337.61,217633.2,89.0,2445.3168539325843,3,,
10967,45666.71,74773.24,29.0,2578.3875862068967,1,,
10968,60172.28,73942.69,28.0,2640.8103571428574,1,,
10969,,,,,1,,
10970,,,,,1,,
10971,141437.95,143184.66,59.0,2426.858644067797,2,,
10972,126886.5,296154.17,112.0,2644.2336607142856,4,1.0,15797.11
10973,,,,,1,,
10974,73424.73999999999,138654.87,55.0,2520.9976363636365,2,1.0,1128.49
10975,,,,,1,,
10976,23432.34,178226.41,73.0,2441.4576712328767,2,2.0,104062.33
10977,75342.53,42364.9,19.0,2229.7315789473687,1,,
10978,120341.71,146773.45,59.0,2487.6855932203393,2,,
10979,,,,,1,,
10980,,,,,1,,
10981,7162.42,91090.75,32.0,2846.5859375,1,,
10982,106145.01999999999,148616.37,62.0,2397.0382258064515,2,,
10983,,,,,1,,
10984,60738.23,81490.93,32.0,2546.5915625,1,,
10985,7522.28,70092.26,29.0,2416.9744827586205,1,,
10986,68233.55,78120.95,35.0,2232.0271428571427,1,,
10987,46697.84,56324.479999999996,26.0,2166.326153846154,1,,
10988,51603.869999999995,98475.49,37.0,2661.49972972973,2,,
10989,28102.34,121117.52,51.0,2374.8533333333335,2,,
10990,47914.2,160175.71,70.0,2288.2244285714282,2,,
10991,103104.64,134500.14,54.0,2490.743333333334,2,1.0,17852.81
10992,76335.9,76670.26,28.0,2738.223571428571,1,1.0,51864.56
10993,28368.98,77131.08,30.0,2571.036,1,,
10994,59689.92,81407.51,33.0,2466.8942424242423,1,,
10995,24322.71,71836.42,31.0,2317.3038709677417,1,,
10996,273868.94,271465.35,107.0,2537.0593457943924,4,,
10997,187055.83,291057.63,112.0,2598.7288392857145,4,,
10998,69192.73999999999,160929.97,58.0,2774.6546551724136,2,,
10999,,,,,1,,
11000,306213.32,301814.35,116.0,2601.847844827586,4,1.0,74135.38
11001,,,,,1,,
11002,40948.29,77886.55,34.0,2290.7808823529413,1,,
11003,109368.48000000001,126688.19,56.0,2262.289107142857,2,,
11004,80721.73,83356.37,32.0,2604.8865625,1,1.0,27964.95
11005,,,,,1,,
11006,,,,,1,,
11007,57167.62,143168.63,58.0,2468.424655172414,2,1.0,27208.83
11008,79874.11,216257.81,92.0,2350.6283695652173,3,1.0,37599.36
11009,,,,,1,,
11010,99038.62,152767.32,63.0,2424.8780952380953,2,2.0,109016.37
11011,,,,,1,,
11012,14199.85,90571.88,38.0,2383.47052631579,1,,
11013,96864.84,146343.46,57.0,2567.4291228070174,2,1.0,16019.02
11014,92592.34,198782.6,77.0,2581.592207792208,2,,
11015,75171.58,156695.27,65.0,2410.6964615384613,2,2.0,83905.33
11016,16124.6,95719.01,36.0,2658.8613888888885,1,,
11017,158023.74,129533.2,55.0,2355.149090909091,2,,
11018,52856.39,160414.93,59.0,2718.8971186440676,2,,
11019,231014.09,455363.63,189.0,2409.3313756613757,4,5.0,300449.36
11020,128714.79,126724.17,52.0,2437.003269230769,2,1.0,47661.39
11021,58204.58,68934.3,25.0,2757.3720000000003,1,,
11022,105484.99,230234.99,88.0,2616.3067045454545,3,,
11023,21548.75,69388.8,31.0,2238.3483870967743,1,,
11024,79896.95,89828.39,37.0,2427.7943243243244,1,1.0,13646.58
11025,85124.46,91655.56999999999,34.0,2695.7520588235293,1,,
11026,13489.63,63554.44,28.0,2269.8014285714285,1,,
11027,65494.03,423276.29,156.0,2713.309551282051,4,2.0,130086.3
11028,,,,,1,,
11029,89975.87,122996.54000000001,46.0,2673.8378260869567,2,,
11030,256716.08999999997,246712.63,94.0,2624.6024468085106,3,,
11031,79082.48,61359.83,24.0,2556.6595833333336,1,,
11032,111248.1,192774.36,79.0,2440.1817721518987,2,,
11033,,,,,1,,
11034,65596.26,71285.19,29.0,2458.11,1,,
11035,,,,,1,,
11036,20213.05,122142.0,50.0,2442.84,2,1.0,63543.29
11037,47444.74,80800.89,32.0,2525.0278125,1,1.0,34450.44
11038,306898.62,510233.05,212.0,2406.7596698113207,6,2.0,144159.35
11039,86517.32,202851.1,74.0,2741.2310810810814,2,,
11040,7989.35,67772.66,31.0,2186.2148387096777,1,,
11041,88660.21,141798.78,61.0,2324.570163934426,2,,
11042,8278.63,48070.64,20.0,2403.532,1,,
11043,25901.300000000003,145615.08,53.0,2747.4543396226413,2,1.0,38941.88
11044,152182.47999999998,123839.45,50.0,2476.7889999999998,2,,
11045,,,,,1,,
11046,141730.53999999998,261373.69,112.0,2333.6936607142857,4,2.0,44357.85
11047,,,,,1,,
11048,66165.44,100786.59,39.0,2584.2715384615385,1,,
11049,172263.29,158776.48,62.0,2560.9109677419356,2,,
11050,74664.26,77205.83,35.0,2205.880857142857,1,,
11051,144618.4,239598.16,95.0,2522.085894736842,3,,
11052,9615.18,47951.34,23.0,2084.8408695652174,1,,
11053,29103.96,78098.47,33.0,2366.620303030303,1,,
11054,,,,,1,,
11055,29595.0,92859.5,37.0,2509.7162162162163,1,,
11056,,,,,1,,
11057,8548.38,88096.61,31.0,2841.826129032258,1,,
11058,9287.54,139766.71,55.0,2541.212909090909,2,,
11059,,,,,1,,
11060,,,,,1,,
11061,79460.29,84366.52,33.0,2556.561212121212,1,,
11062,52635.31,86895.15,33.0,2633.1863636363632,1,,
11063,87066.02,72594.41,26.0,2792.0926923076922,1,,
11064,185838.83000000002,177388.38999999998,70.0,2534.1198571428567,2,,
11065,151262.0,124296.72,51.0,2437.190588235294,2,,
11066,90818.91,90536.44,36.0,2514.9011111111113,1,1.0,78661.15
11067,26539.13,63362.48,25.0,2534.4992,1,,
11068,219628.62,209141.58,81.0,2581.9948148148146,3,,
11069,,,,,1,,
11070,,,,,1,,
11071,,,,,1,,
11072,,,,,1,,
11073,58412.17,83019.15,34.0,2441.7397058823526,1,,
11074,65648.77,57854.26,27.0,2142.7503703703705,1,1.0,35902.5
11075,,,,,1,,
11076,116238.15,217345.51,92.0,2362.451195652174,3,,
11077,43027.89,81289.09,31.0,2622.2287096774194,1,,
11078,177506.83000000002,324266.96,129.0,2513.6973643410856,4,1.0,20092.86
11079,,,,,1,,
11080,59695.04,231771.56,90.0,2575.2395555555554,3,,
11081,157117.99,239539.16999999998,102.0,2348.4232352941176,3,1.0,68021.7
11082,130332.78,147820.26,58.0,2548.6251724137933,2,,
11083,183206.57,326730.72,128.0,2552.58375,5,,
11084,48531.71,76823.24,37.0,2076.3037837837837,1,,
11085,36010.17,58910.14,25.0,2356.4056,1,,
11086,132684.94,244386.86,90.0,2715.4095555555555,3,,
11087,,,,,1,,
11088,,,,,1,,
11089,,,,,1,,
11090,276756.35,494321.47,193.0,2561.251139896373,6,1.0,40473.32
11091,24051.97,90549.15,31.0,2920.940322580645,1,,
11092,117192.65000000001,261790.73,100.0,2617.9073000000003,3,,
11093,97430.19,57494.79,27.0,2129.4366666666665,1,,
11094,,,,,1,,
11095,95059.59,158858.59,58.0,2738.9412068965516,2,1.0,81783.1
11096,,,,,1,,
11097,186142.13,224642.53,86.0,2612.122441860465,3,1.0,17211.8
11098,,,,,1,,
11099,56305.33,54721.44,25.0,2188.8576000000003,1,,
